epoch,acc,loss
0,0.882440652565865,0.26529721745494933
1,0.894390578627382,0.2379261263732407
2,0.8933784448638503,0.24157981526939937
3,0.892107373433075,0.24479667882380116
4,0.8901691373699309,0.24862013149573026
5,0.8753160743107249,0.28402301318002654
6,0.8725419843733656,0.28523178746257305
7,0.8768342750054787,0.2787964849989734
8,0.8637794363863158,0.3066545962397145
9,0.8562727777007666,0.3233324588709853
